iter	Passed	Remaining
0	2	2044
1	3	1928
2	5	1863
3	8	2005
4	9	1956
5	11	1970
6	14	2033
7	16	1986
8	17	1967
9	19	1947
10	21	1919
11	23	1953
12	25	1944
13	27	1924
14	29	1943
15	31	1955
16	33	1940
17	35	1925
18	37	1917
19	40	1984
20	42	1997
21	44	1990
22	46	1980
23	48	1973
24	50	1970
25	52	1976
26	55	1993
27	57	1988
28	59	1981
29	61	1986
30	63	1979
31	65	1968
32	67	1975
33	70	1994
34	72	1991
35	74	1983
36	75	1976
37	78	1980
38	80	1982
39	82	1979
40	85	1997
41	87	1994
42	89	1983
43	90	1971
44	92	1969
45	94	1966
46	96	1961
47	98	1958
48	101	1962
49	103	1959
50	104	1953
51	107	1952
52	109	1950
53	111	1945
54	113	1943
55	115	1947
56	117	1945
57	119	1941
58	121	1936
59	123	1937
60	125	1935
61	127	1931
62	129	1927
63	131	1930
64	133	1926
65	135	1922
66	138	1922
67	139	1915
68	140	1901
69	142	1898
70	144	1893
71	146	1893
72	148	1889
73	150	1887
74	152	1885
75	155	1884
76	156	1881
77	158	1879
78	160	1874
79	162	1873
80	164	1871
81	166	1866
82	168	1865
83	170	1862
84	172	1857
85	174	1853
86	176	1848
87	178	1848
88	180	1845
89	182	1842
90	184	1838
91	186	1837
92	188	1833
93	189	1830
94	191	1825
95	193	1822
96	195	1819
97	197	1815
98	199	1813
99	201	1810
100	203	1809
101	205	1806
102	207	1803
103	209	1801
104	211	1799
105	213	1798
106	215	1795
107	217	1794
108	219	1792
109	221	1789
110	223	1786
111	225	1784
112	227	1782
113	228	1778
114	230	1776
115	232	1772
116	234	1770
117	236	1768
118	238	1764
119	240	1762
120	242	1760
121	244	1758
122	245	1752
123	247	1750
124	249	1747
125	251	1745
126	253	1743
127	255	1741
128	257	1739
129	259	1737
130	261	1734
131	263	1732
132	265	1730
133	267	1727
134	269	1725
135	271	1724
136	273	1722
137	275	1720
138	277	1718
139	279	1715
140	281	1714
141	283	1711
142	285	1708
143	287	1706
144	289	1704
145	290	1701
146	292	1699
147	294	1697
148	296	1695
149	298	1692
150	300	1690
151	302	1688
152	304	1686
153	306	1685
154	308	1682
155	310	1679
156	312	1677
157	314	1675
158	316	1674
159	318	1673
160	320	1670
161	322	1668
162	324	1667
163	326	1665
164	328	1663
165	330	1661
166	332	1658
167	334	1656
168	336	1654
169	338	1651
170	340	1649
171	342	1647
172	344	1644
173	345	1642
174	347	1639
175	349	1637
176	351	1635
177	353	1633
178	355	1632
179	357	1630
180	359	1628
181	361	1626
182	363	1624
183	365	1621
184	367	1618
185	369	1616
186	371	1613
187	373	1611
188	374	1608
189	376	1606
190	379	1606
191	382	1608
192	384	1606
193	386	1605
194	388	1603
195	390	1600
196	391	1597
197	393	1595
198	396	1594
199	398	1592
200	400	1591
201	402	1589
202	404	1587
203	406	1585
204	408	1583
205	410	1584
206	413	1582
207	414	1579
208	416	1577
209	418	1576
210	420	1574
211	422	1572
212	425	1571
213	427	1569
214	429	1567
215	431	1565
216	433	1563
217	435	1561
218	437	1560
219	439	1558
220	442	1558
221	443	1555
222	445	1553
223	447	1551
224	449	1549
225	451	1547
226	454	1546
227	456	1544
228	458	1543
229	460	1541
230	462	1540
231	465	1540
232	467	1538
233	469	1535
234	471	1533
235	473	1531
236	475	1529
237	477	1527
238	479	1525
239	481	1524
240	483	1521
241	485	1520
242	487	1519
243	489	1517
244	491	1514
245	493	1512
246	495	1510
247	497	1508
248	499	1506
249	501	1505
250	503	1502
251	505	1500
252	507	1498
253	509	1496
254	511	1494
255	513	1492
256	515	1490
257	517	1488
258	519	1486
259	521	1484
260	523	1481
261	525	1479
262	527	1477
263	529	1475
264	531	1473
265	533	1472
266	535	1470
267	537	1467
268	539	1465
269	541	1463
270	543	1461
271	545	1458
272	546	1456
273	548	1454
274	550	1452
275	552	1450
276	554	1448
277	556	1445
278	558	1443
279	560	1440
280	562	1438
281	564	1436
282	566	1434
283	568	1432
284	570	1430
285	572	1428
286	574	1426
287	576	1424
288	578	1422
289	580	1420
290	582	1418
291	584	1416
292	586	1414
293	588	1412
294	590	1410
295	592	1408
296	593	1405
297	595	1403
298	597	1401
299	599	1399
300	601	1397
301	603	1394
302	605	1392
303	607	1390
304	609	1388
305	611	1386
306	612	1383
307	614	1381
308	616	1379
309	618	1376
310	620	1375
311	622	1373
312	624	1371
313	626	1369
314	628	1367
315	630	1365
316	632	1363
317	634	1361
318	636	1358
319	638	1356
320	640	1354
321	642	1352
322	644	1349
323	646	1347
324	647	1345
325	649	1343
326	651	1341
327	653	1339
328	655	1337
329	657	1335
330	659	1333
331	661	1331
332	663	1328
333	665	1326
334	667	1324
335	669	1322
336	671	1320
337	673	1318
338	675	1316
339	676	1314
340	678	1311
341	681	1310
342	683	1308
343	685	1306
344	687	1304
345	689	1302
346	690	1300
347	692	1297
348	694	1295
349	696	1293
350	698	1291
351	700	1289
352	702	1287
353	704	1286
354	706	1283
355	708	1281
356	710	1279
357	712	1277
358	714	1275
359	716	1273
360	718	1271
361	720	1269
362	722	1267
363	724	1265
364	726	1263
365	728	1261
366	730	1259
367	731	1257
368	733	1254
369	735	1252
370	737	1250
371	739	1248
372	741	1246
373	743	1244
374	745	1242
375	747	1240
376	749	1238
377	751	1236
378	753	1234
379	755	1232
380	757	1230
381	759	1228
382	761	1226
383	763	1224
384	765	1222
385	767	1220
386	769	1218
387	770	1215
388	772	1213
389	775	1212
390	777	1210
391	778	1208
392	780	1206
393	782	1204
394	784	1202
395	786	1200
396	788	1198
397	790	1196
398	792	1194
399	794	1192
400	796	1190
401	798	1187
402	800	1186
403	802	1183
404	804	1182
405	806	1180
406	808	1178
407	810	1176
408	812	1174
409	814	1172
410	816	1170
411	818	1168
412	820	1166
413	822	1164
414	824	1162
415	826	1159
416	828	1157
417	830	1155
418	831	1153
419	834	1151
420	836	1150
421	838	1148
422	840	1146
423	842	1144
424	844	1142
425	846	1140
426	848	1138
427	850	1136
428	852	1134
429	854	1133
430	857	1132
431	859	1130
432	861	1128
433	863	1126
434	865	1124
435	867	1122
436	869	1120
437	871	1118
438	873	1116
439	875	1114
440	877	1112
441	879	1110
442	881	1108
443	883	1106
444	885	1104
445	887	1102
446	889	1100
447	891	1098
448	893	1096
449	895	1094
450	897	1092
451	899	1090
452	901	1088
453	903	1086
454	905	1084
455	907	1082
456	909	1080
457	910	1078
458	912	1076
459	915	1074
460	916	1072
461	918	1070
462	920	1068
463	922	1065
464	924	1064
465	926	1062
466	928	1059
467	930	1058
468	932	1056
469	934	1054
470	936	1052
471	938	1050
472	940	1048
473	942	1046
474	944	1044
475	946	1042
476	949	1040
477	951	1038
478	953	1036
479	955	1034
480	957	1032
481	959	1030
482	961	1028
483	963	1026
484	964	1024
485	966	1022
486	968	1020
487	970	1018
488	972	1016
489	974	1014
490	976	1012
491	978	1010
492	980	1008
493	982	1006
494	984	1004
495	986	1002
496	988	1000
497	990	998
498	992	996
499	993	993
500	995	991
501	997	989
502	999	987
503	1001	985
504	1003	983
505	1005	981
506	1007	979
507	1009	977
508	1011	975
509	1013	973
510	1015	971
511	1017	969
512	1019	967
513	1021	965
514	1023	963
515	1025	961
516	1027	959
517	1029	957
518	1031	955
519	1033	953
520	1035	951
521	1037	949
522	1039	947
523	1041	945
524	1043	943
525	1045	942
526	1047	940
527	1049	938
528	1051	936
529	1053	934
530	1055	932
531	1057	930
532	1059	928
533	1061	926
534	1063	924
535	1065	922
536	1067	920
537	1069	918
538	1071	916
539	1072	913
540	1074	911
541	1076	909
542	1078	907
543	1080	905
544	1082	903
545	1084	901
546	1086	899
547	1088	897
548	1090	895
549	1092	893
550	1094	891
551	1096	889
552	1097	887
553	1099	885
554	1101	883
555	1103	881
556	1105	879
557	1107	877
558	1109	875
559	1111	873
560	1113	871
561	1115	869
562	1117	867
563	1119	865
564	1121	863
565	1123	861
566	1125	859
567	1127	857
568	1129	855
569	1130	853
570	1132	851
571	1134	849
572	1136	847
573	1138	845
574	1140	843
575	1142	841
576	1144	839
577	1146	837
578	1148	835
579	1150	833
580	1152	831
581	1154	829
582	1156	827
583	1158	825
584	1160	823
585	1162	821
586	1164	819
587	1166	817
588	1167	814
589	1170	813
590	1172	811
591	1174	809
592	1176	807
593	1178	805
594	1180	803
595	1182	801
596	1184	799
597	1186	797
598	1188	795
599	1190	793
600	1192	791
601	1194	789
602	1196	787
603	1198	785
604	1200	783
605	1202	782
606	1204	779
607	1206	777
608	1208	776
609	1210	774
610	1212	772
611	1214	769
612	1216	768
613	1218	766
614	1220	763
615	1222	762
616	1225	760
617	1226	758
618	1228	756
619	1230	754
620	1232	752
621	1234	750
622	1236	748
623	1238	746
624	1240	744
625	1242	742
626	1244	740
627	1246	738
628	1248	736
629	1250	734
630	1252	732
631	1255	730
632	1257	728
633	1259	726
634	1261	725
635	1263	723
636	1265	720
637	1267	719
638	1269	717
639	1271	715
640	1273	713
641	1275	711
642	1277	709
643	1279	707
644	1281	705
645	1284	703
646	1286	701
647	1288	699
648	1290	698
649	1293	696
650	1294	694
651	1296	692
652	1298	690
653	1301	688
654	1303	686
655	1305	684
656	1307	682
657	1309	680
658	1311	678
659	1313	676
660	1315	674
661	1317	672
662	1319	670
663	1321	668
664	1323	666
665	1325	664
666	1327	662
667	1329	660
668	1332	659
669	1334	657
670	1336	655
671	1338	653
672	1340	651
673	1342	649
674	1344	647
675	1347	645
676	1349	643
677	1351	641
678	1353	639
679	1355	637
680	1357	635
681	1359	633
682	1361	631
683	1363	630
684	1366	628
685	1368	626
686	1370	624
687	1372	622
688	1374	620
689	1376	618
690	1378	616
691	1380	614
692	1382	612
693	1384	610
694	1386	608
695	1388	606
696	1390	604
697	1392	602
698	1394	600
699	1396	598
700	1398	596
701	1400	594
702	1402	592
703	1404	590
704	1406	588
705	1408	586
706	1410	584
707	1412	582
708	1414	580
709	1416	578
710	1418	576
711	1420	574
712	1422	572
713	1424	570
714	1426	568
715	1428	566
716	1430	564
717	1432	562
718	1434	560
719	1436	558
720	1438	556
721	1442	555
722	1444	553
723	1446	551
724	1447	549
725	1449	547
726	1451	545
727	1453	543
728	1455	541
729	1457	539
730	1459	537
731	1461	535
732	1463	533
733	1465	531
734	1467	529
735	1469	527
736	1471	525
737	1473	523
738	1475	521
739	1477	519
740	1479	517
741	1481	515
742	1483	513
743	1485	510
744	1487	509
745	1489	507
746	1491	505
747	1493	503
748	1495	501
749	1497	499
750	1498	496
751	1500	494
752	1503	493
753	1505	491
754	1507	489
755	1509	487
756	1510	485
757	1512	482
758	1514	480
759	1516	478
760	1518	477
761	1520	475
762	1522	473
763	1524	471
764	1526	469
765	1528	466
766	1530	464
767	1532	462
768	1534	461
769	1535	458
770	1537	456
771	1539	454
772	1541	452
773	1543	450
774	1545	448
775	1547	446
776	1550	444
777	1552	442
778	1554	440
779	1555	438
780	1557	436
781	1559	434
782	1561	432
783	1563	430
784	1565	428
785	1567	426
786	1569	424
787	1571	422
788	1573	420
789	1575	418
790	1577	416
791	1579	414
792	1582	412
793	1584	410
794	1586	408
795	1588	406
796	1589	404
797	1591	402
798	1593	400
799	1595	398
800	1597	396
801	1599	394
802	1601	392
803	1603	390
804	1605	388
805	1607	386
806	1609	384
807	1611	382
808	1613	381
809	1615	378
810	1617	376
811	1619	374
812	1621	372
813	1623	370
814	1625	368
815	1627	367
816	1629	365
817	1631	363
818	1633	361
819	1635	359
820	1637	357
821	1639	355
822	1641	353
823	1644	351
824	1645	349
825	1647	347
826	1649	345
827	1651	343
828	1653	341
829	1655	339
830	1658	337
831	1660	335
832	1662	333
833	1663	331
834	1665	329
835	1667	327
836	1669	325
837	1671	323
838	1673	321
839	1675	319
840	1677	317
841	1679	315
842	1681	313
843	1683	311
844	1685	309
845	1687	307
846	1689	305
847	1691	303
848	1693	301
849	1695	299
850	1697	297
851	1699	295
852	1701	293
853	1703	291
854	1705	289
855	1707	287
856	1709	285
857	1711	283
858	1712	281
859	1714	279
860	1716	277
861	1718	275
862	1724	273
863	1730	272
864	1734	270
865	1737	268
866	1740	267
867	1743	265
868	1746	263
869	1749	261
870	1752	259
871	1754	257
872	1756	255
873	1758	253
874	1761	251
875	1763	249
876	1765	247
877	1767	245
878	1769	243
879	1771	241
880	1772	239
881	1774	237
882	1777	235
883	1779	233
884	1781	231
885	1783	229
886	1784	227
887	1786	225
888	1788	223
889	1790	221
890	1792	219
891	1794	217
892	1796	215
893	1798	213
894	1800	211
895	1802	209
896	1804	207
897	1806	205
898	1808	203
899	1810	201
900	1812	199
901	1814	197
902	1816	195
903	1818	193
904	1820	191
905	1822	189
906	1824	187
907	1826	185
908	1828	183
909	1830	181
910	1832	179
911	1834	176
912	1836	174
913	1838	172
914	1840	170
915	1842	168
916	1844	166
917	1846	164
918	1848	162
919	1849	160
920	1852	158
921	1854	156
922	1856	154
923	1858	152
924	1860	150
925	1861	148
926	1863	146
927	1865	144
928	1867	142
929	1869	140
930	1871	138
931	1873	136
932	1875	134
933	1877	132
934	1879	130
935	1881	128
936	1884	126
937	1886	124
938	1888	122
939	1890	120
940	1892	118
941	1894	116
942	1896	114
943	1898	112
944	1900	110
945	1902	108
946	1904	106
947	1906	104
948	1908	102
949	1910	100
950	1912	98
951	1913	96
952	1916	94
953	1918	92
954	1920	90
955	1921	88
956	1923	86
957	1925	84
958	1927	82
959	1929	80
960	1931	78
961	1933	76
962	1934	74
963	1936	72
964	1938	70
965	1940	68
966	1942	66
967	1944	64
968	1946	62
969	1948	60
970	1950	58
971	1952	56
972	1954	54
973	1956	52
974	1958	50
975	1960	48
976	1962	46
977	1964	44
978	1966	42
979	1968	40
980	1970	38
981	1972	36
982	1974	34
983	1977	32
984	1979	30
985	1981	28
986	1983	26
987	1984	24
988	1986	22
989	1988	20
990	1990	18
991	1992	16
992	1995	14
993	1996	12
994	1998	10
995	2000	8
996	2002	6
997	2004	4
998	2006	2
999	2009	0
